,iter,train_loss,test_loss,frac_notes_correct,frac_frames_correct
0,50,0.4472737934659509,0.1343133657425642,0.97487307,0.035
1,100,0.11301108822226524,0.11229564294219017,0.97487307,0.035
