,iter,train_loss,test_loss,frac_notes_correct,frac_frames_correct
0,50,0.4297260811515883,0.12191363126039505,0.97506833,0.07625
1,100,0.12512077927589416,0.09960035942494869,0.97506833,0.07625
2,150,0.11805087745189667,0.09784191519021988,0.97506833,0.07625
3,200,0.1154300057888031,0.09825705520808697,0.97506833,0.07625
